"m_age","sd_age","m_baseline_tobacco_history","sd_baseline_tobacco_history","m_income","sd_income"
43.9545454545455,11.7772374080151,13.1919191919192,7.27825495972143,4.92307692307692,3.05952345320048
