"","Ubar","B","m","total_var","lambda","r","v_com","v_obs","v_old","v","gamma"
"high vs none","0.00042","0.00022","50.00000","0.00064","0.34604","0.52914","95.00000","60.85836","409.20852","52.97919","0.36940"
"low vs none","0.00037","0.00012","50.00000","0.00050","0.24807","0.32990","95.00000","69.97587","796.27052","64.32318","0.27040"
"high vs low","0.00049","0.00018","50.00000","0.00067","0.26801","0.36613","95.00000","68.12032","682.19597","61.93576","0.29055"
