"","Ubar","B","m","total_var","lambda","r","v_com","v_obs","v_old","v","gamma"
"is_high_effort","0.00045","0.00019","50.00000","0.00065","0.30509","0.43903","84.00000","57.03065"," 526.43379","51.45620","0.33061"
"is_low_effort","0.00042","0.00012","50.00000","0.00054","0.22054","0.28294","84.00000","63.96957","1007.45530","60.15026","0.24522"
