"","Ubar","B","m","total_var","lambda","r","v_com","v_obs","v_old","v","gamma"
"High Effort Prompt vs. No Prompt","0.00273","0.00000","50.00000","0.00273","0.00017","0.00017","83.00000","81.05601"," 1700982897.01284","81.05600","0.02396"
"Low Effort Prompt vs. No Prompt","0.00324","0.00000","50.00000","0.00324","0.00008","0.00008","83.00000","81.06356"," 8362742371.06852","81.06356","0.02387"
"High Effort Prompt vs. Low Effort Prompt","0.00343","0.00000","50.00000","0.00343","0.00006","0.00006","83.00000","81.06527","15940641148.12560","81.06527","0.02385"
