"m_age","sd_age","m_baseline_tobacco_history","sd_baseline_tobacco_history","m_income","sd_income"
43.7891891891892,11.475850939741,13.6880733944954,7.97414484873691,4.86138613861386,3.16237158781285
