"","est_contrast","lcl_contrast","ucl_contrast","se_contrast","test_stat_contrast","degrees_of_freedom","p_value"
"High vs. None","0.18912374"," 0.07756039","0.3006871","0.05599042","3.3777875","74.000","0.001167941"
"Low vs. None","0.02041765","-0.08720134","0.1280366","0.05401086","0.3780285","74.000","0.706491615"
"High vs. Low","0.16870610"," 0.06418961","0.2732226","0.05245380","3.2162796","74.000","0.001926829"
