"","est_contrast","lcl_contrast","ucl_contrast","se_contrast","test_stat_contrast","degrees_of_freedom","p_value"
"High vs. None","0.18912374"," 0.07758510","0.3006624","0.05599042","3.3777875","75.000","0.001161292"
"Low vs. None","0.02041765","-0.08717750","0.1280128","0.05401086","0.3780285","75.000","0.706477213"
"High vs. Low","0.16870610"," 0.06421276","0.2731994","0.05245380","3.2162796","75.000","0.001917521"
