"","exp_estimates","rrLB95","rrUB95"
"1","1.208190","1.0806475","1.350787"
"2","1.020628","0.9164925","1.136595"
"3","1.183772","1.0662946","1.314193"
