"","contrast","est_contrast","LB95","UB95","est_stderr_contrast"
"1","high vs none","0.14530479"," 0.07713258","0.21347700","0.03478238"
"2","low vs none","0.01893876","-0.03874642","0.07662394","0.02943176"
"3","high vs low","0.12636603"," 0.06117250","0.19155956","0.03326261"
