"","contrast","est_contrast","LB95","UB95","est_stderr_contrast"
"1","high vs none","0.12207498"," 0.06011215","0.18403781","0.03161427"
"2","low vs none","0.01152434","-0.04567430","0.06872298","0.02918352"
"3","high vs low","0.11055064"," 0.04852798","0.17257329","0.03164479"
