"","exp_estimates","stderr_rr","rrLB95","rrUB95"
"1","1.208190","0.06764709","1.0734007","1.342980"
"2","1.020628","0.05512497","0.9107886","1.130466"
"3","1.183772","0.06209335","1.0600485","1.307496"
