"","exp_estimates","rrLB95","rrUB95"
"High vs. None","1.208190","1.0806475","1.350787"
"Low vs. None","1.020628","0.9164925","1.136595"
"High vs. Low","1.183772","1.0662946","1.314193"
