"","exp_estimates","stderr_rr","rrLB95","rrUB95"
"1","1.208190","0.06764709","1.0734305","1.342950"
"2","1.020628","0.05512497","0.9108129","1.130442"
"3","1.183772","0.06209335","1.0600759","1.307468"
