"","exp_estimates","stderr_rr","rrLB95","rrUB95"
"1","1.208190","0.06764709","1.0736668","1.342714"
"2","1.020628","0.05512497","0.9110055","1.130250"
"3","1.183772","0.06209335","1.0602927","1.307252"
