"","exp_estimates","rrLB95","rrUB95"
"High vs. None","1.253637","1.1169005","1.407113"
"Low vs. None","1.057479","0.9585133","1.166662"
"High vs. Low","1.185496","1.0741014","1.308443"
