"","exp_estimates","stderr_rr","rrLB95","rrUB95"
"1","1.253637","0.07279400","1.1088526","1.398421"
"2","1.057479","0.05224197","0.9535716","1.161386"
"3","1.185496","0.05881521","1.0685150","1.302477"
