"","est_contrast","lcl_contrast","ucl_contrast","se_contrast","test_stat_contrast","degrees_of_freedom","p_value"
"High vs. None","0.22604885"," 0.11057773","0.3415200","0.05806625","3.892947","84.000","0.0001978535"
"Low vs. None","0.05588754","-0.04235451","0.1541296","0.04940238","1.131272","84.000","0.2611599372"
"High vs. Low","0.17016131"," 0.07150178","0.2688208","0.04961232","3.429820","84.000","0.0009385823"
